{"stats":{"minecraft:custom":{"minecraft:time_since_rest":4672,"minecraft:damage_taken":525,"minecraft:play_one_minute":21532,"minecraft:crouch_one_cm":276,"minecraft:sprint_one_cm":14373,"minecraft:walk_under_water_one_cm":2569,"minecraft:walk_one_cm":52337,"minecraft:deaths":2,"minecraft:sneak_time":118,"minecraft:mob_kills":3,"minecraft:jump":306,"minecraft:damage_dealt":188,"minecraft:leave_game":3,"minecraft:time_since_death":4538,"minecraft:walk_on_water_one_cm":9300,"minecraft:climb_one_cm":7406,"minecraft:fly_one_cm":12816,"minecraft:fall_one_cm":3591},"minecraft:used":{"minecraft:oak_sapling":1},"minecraft:picked_up":{"minecraft:cocoa_beans":13,"minecraft:salmon":1,"minecraft:jungle_log":9,"minecraft:wheat_seeds":12,"minecraft:oak_sapling":1,"minecraft:melon_slice":6,"minecraft:sugar_cane":3,"minecraft:spider_eye":1,"minecraft:dirt":2},"minecraft:mined":{"minecraft:grass":94,"minecraft:grass_block":1,"minecraft:melon":2,"minecraft:cocoa":6,"minecraft:vine":5,"minecraft:jungle_log":9,"minecraft:dirt":1,"minecraft:jungle_leaves":3,"minecraft:sugar_cane":1,"minecraft:oak_leaves":6,"minecraft:fern":19},"minecraft:killed_by":{"minecraft:creeper":1,"minecraft:zombie":1},"minecraft:killed":{"minecraft:spider":2,"minecraft:salmon":1}},"DataVersion":1631}