{"stats":{"minecraft:custom":{"minecraft:time_since_rest":13710,"minecraft:interact_with_furnace":6,"minecraft:sprint_one_cm":43386,"minecraft:damage_taken":545,"minecraft:walk_one_cm":120263,"minecraft:mob_kills":10,"minecraft:drop":1,"minecraft:damage_dealt":1653,"minecraft:interact_with_crafting_table":3,"minecraft:fly_one_cm":45619,"minecraft:play_one_minute":24736,"minecraft:deaths":1,"minecraft:walk_under_water_one_cm":2096,"minecraft:jump":606,"minecraft:leave_game":2,"minecraft:time_since_death":13683,"minecraft:walk_on_water_one_cm":13087,"minecraft:fall_one_cm":13124,"minecraft:climb_one_cm":13439},"minecraft:used":{"minecraft:cooked_mutton":2,"minecraft:stone_sword":48,"minecraft:melon_slice":3,"minecraft:stone_pickaxe":10,"minecraft:jungle_log":3,"minecraft:wooden_pickaxe":20,"minecraft:stone_axe":4,"minecraft:crafting_table":2,"minecraft:furnace":1},"minecraft:picked_up":{"minecraft:cocoa_beans":15,"minecraft:crafting_table":2,"minecraft:pumpkin":1,"minecraft:salmon":1,"minecraft:jungle_log":18,"minecraft:porkchop":1,"minecraft:dirt":1,"minecraft:bone":2,"minecraft:rotten_flesh":4,"minecraft:wheat_seeds":40,"minecraft:jungle_sapling":2,"minecraft:oak_sapling":1,"minecraft:melon_slice":16,"minecraft:sugar_cane":15,"minecraft:mutton":4,"minecraft:white_wool":2,"minecraft:cobblestone":28,"minecraft:furnace":1,"minecraft:egg":1},"minecraft:dropped":{"minecraft:jungle_log":5},"minecraft:crafted":{"minecraft:crafting_table":1,"minecraft:stick":12,"minecraft:wooden_pickaxe":1,"minecraft:stone_pickaxe":1,"minecraft:stone_sword":1,"minecraft:furnace":1,"minecraft:stone_axe":1,"minecraft:jungle_planks":20,"minecraft:air":0,"minecraft:cooked_mutton":4},"minecraft:mined":{"minecraft:seagrass":8,"minecraft:furnace":1,"minecraft:pumpkin":2,"minecraft:crafting_table":2,"minecraft:grass":278,"minecraft:melon":3,"minecraft:cocoa":5,"minecraft:vine":2,"minecraft:jungle_log":13,"minecraft:sand":1,"minecraft:dirt":1,"minecraft:stone":28,"minecraft:sugar_cane":8,"minecraft:oak_leaves":14,"minecraft:fern":86},"minecraft:killed":{"minecraft:sheep":2,"minecraft:skeleton":1,"minecraft:zombie":4,"minecraft:pig":1,"minecraft:salmon":1,"minecraft:drowned":1}},"DataVersion":1631}