{"stats":{"minecraft:custom":{"minecraft:mob_kills":76,"minecraft:animals_bred":1,"minecraft:interact_with_crafting_table":42,"minecraft:leave_game":15,"minecraft:time_since_death":652664,"minecraft:climb_one_cm":6436,"minecraft:sprint_one_cm":759860,"minecraft:walk_one_cm":3590211,"minecraft:drop":51,"minecraft:talked_to_villager":4,"minecraft:sneak_time":17298,"minecraft:deaths":23,"minecraft:walk_under_water_one_cm":226455,"minecraft:boat_one_cm":1115695,"minecraft:jump":6239,"minecraft:walk_on_water_one_cm":184343,"minecraft:interact_with_furnace":60,"minecraft:play_one_minute":1025235,"minecraft:pot_flower":3,"minecraft:sleep_in_bed":54,"minecraft:time_since_rest":753,"minecraft:damage_taken":7645,"minecraft:damage_dealt":13941,"minecraft:player_kills":1,"minecraft:swim_one_cm":356840,"minecraft:fly_one_cm":521857,"minecraft:open_chest":115,"minecraft:crouch_one_cm":32015,"minecraft:aviate_one_cm":85168,"minecraft:fall_one_cm":109216},"minecraft:killed_by":{"minecraft:husk":1,"minecraft:creeper":3,"minecraft:spider":1,"minecraft:enderman":3,"minecraft:drowned":1,"minecraft:skeleton":3,"minecraft:zombie":1},"minecraft:crafted":{"minecraft:brick":64,"minecraft:oak_planks":24,"minecraft:furnace":1,"minecraft:stone":20,"minecraft:bone_meal":27,"minecraft:glass_pane":16,"minecraft:glass":12,"minecraft:bow":1,"minecraft:iron_axe":1,"minecraft:melon_seeds":21,"minecraft:stone_pickaxe":3,"minecraft:dried_kelp_block":6,"minecraft:flower_pot":3,"minecraft:cooked_beef":2,"minecraft:wooden_shovel":1,"minecraft:acacia_wood":3,"minecraft:cooked_porkchop":1,"minecraft:crafting_table":3,"minecraft:jungle_boat":1,"minecraft:dried_kelp":98,"minecraft:wooden_pickaxe":1,"minecraft:baked_potato":29,"minecraft:iron_sword":2,"minecraft:birch_pressure_plate":4,"minecraft:sign":3,"minecraft:birch_planks":12,"minecraft:stone_axe":1,"minecraft:air":0,"minecraft:jungle_planks":16,"minecraft:oak_boat":1,"minecraft:charcoal":2,"minecraft:stick":44,"minecraft:iron_ingot":26,"minecraft:iron_pickaxe":2,"minecraft:iron_shovel":2,"minecraft:anvil":1,"minecraft:white_bed":1,"minecraft:acacia_planks":20,"minecraft:torch":32},"minecraft:picked_up":{"minecraft:cocoa_beans":16,"minecraft:birch_door":2,"minecraft:azure_bluet":2,"minecraft:chicken":2,"minecraft:clay_ball":258,"minecraft:leather_leggings":2,"minecraft:stone_slab":2,"minecraft:wooden_pickaxe":1,"minecraft:oak_stairs":1,"minecraft:string":9,"minecraft:elytra":1,"minecraft:iron_axe":1,"minecraft:acacia_door":1,"minecraft:white_carpet":9,"minecraft:beetroot":14,"minecraft:spruce_planks":2,"minecraft:beef":3,"minecraft:rose_bush":10,"minecraft:jungle_sapling":6,"minecraft:wooden_shovel":2,"minecraft:poppy":6,"minecraft:spruce_slab":17,"minecraft:melon_slice":43,"minecraft:sugar_cane":24,"minecraft:chest":1,"minecraft:birch_sapling":39,"minecraft:egg":40,"minecraft:dark_oak_sapling":4,"minecraft:stick":3,"minecraft:torch":11,"minecraft:acacia_log":73,"minecraft:porkchop":3,"minecraft:diorite":1,"minecraft:vine":4,"minecraft:carrot":87,"minecraft:redstone":14,"minecraft:prismarine_crystals":5,"minecraft:arrow":6,"minecraft:rotten_flesh":13,"minecraft:beetroot_seeds":28,"minecraft:shears":1,"minecraft:red_tulip":2,"minecraft:bookshelf":4,"minecraft:snowball":46,"minecraft:white_wool":3,"minecraft:cobblestone":315,"minecraft:birch_log":12,"minecraft:magma_block":2,"minecraft:cooked_beef":7,"minecraft:feather":2,"minecraft:lilac":3,"minecraft:andesite":3,"minecraft:jungle_log":18,"minecraft:salmon":3,"minecraft:leather":9,"minecraft:fern":1,"minecraft:acacia_wood":1,"minecraft:potato":2,"minecraft:filled_map":1,"minecraft:flint":6,"minecraft:oak_log":13,"minecraft:gunpowder":1,"minecraft:stripped_birch_log":22,"minecraft:lapis_lazuli":4,"minecraft:dirt":432,"minecraft:light_gray_concrete_powder":1,"minecraft:sign":1,"minecraft:bone":16,"minecraft:acacia_planks":12,"minecraft:apple":1,"minecraft:stone_bricks":1,"minecraft:kelp":219,"minecraft:wheat_seeds":79,"minecraft:rabbit_hide":1,"minecraft:stone_pickaxe":1,"minecraft:iron_ore":22,"minecraft:mossy_stone_bricks":2,"minecraft:iron_sword":4,"minecraft:oak_planks":17,"minecraft:acacia_sapling":31,"minecraft:dark_oak_stairs":4,"minecraft:book":1,"minecraft:pumpkin":18,"minecraft:chiseled_stone_bricks":18,"minecraft:dandelion":4,"minecraft:oak_pressure_plate":2,"minecraft:gravel":45,"minecraft:sand":305,"minecraft:jungle_planks":3,"minecraft:stripped_spruce_log":1,"minecraft:spruce_sapling":9,"minecraft:ink_sac":4,"minecraft:spruce_log":15,"minecraft:grass_block":1,"minecraft:jungle_slab":1,"minecraft:dark_oak_log":47,"minecraft:spider_eye":2,"minecraft:mossy_cobblestone":6,"minecraft:stripped_acacia_log":1,"minecraft:firework_rocket":1,"minecraft:granite":4,"minecraft:bone_meal":1,"minecraft:emerald":15,"minecraft:baked_potato":18,"minecraft:oak_sapling":3,"minecraft:coal":67,"minecraft:ender_pearl":1},"minecraft:used":{"minecraft:beetroot":11,"minecraft:rose_bush":7,"minecraft:iron_shovel":412,"minecraft:acacia_log":3,"minecraft:dried_kelp":22,"minecraft:spruce_slab":11,"minecraft:poppy":1,"minecraft:chest":1,"minecraft:spruce_planks":2,"minecraft:iron_sword":306,"minecraft:wooden_shovel":37,"minecraft:rotten_flesh":2,"minecraft:torch":43,"minecraft:anvil":1,"minecraft:birch_pressure_plate":4,"minecraft:dirt":249,"minecraft:white_carpet":9,"minecraft:jungle_planks":1,"minecraft:carrot":22,"minecraft:acacia_sapling":26,"minecraft:snowball":48,"minecraft:birch_door":2,"minecraft:jungle_sapling":4,"minecraft:iron_axe":220,"minecraft:oak_stairs":1,"minecraft:birch_sapling":15,"minecraft:jungle_log":1,"minecraft:magma_block":1,"minecraft:redstone_lamp":1,"minecraft:bow":155,"minecraft:furnace":1,"minecraft:beetroot_seeds":14,"minecraft:acacia_wood":3,"minecraft:egg":38,"minecraft:cooked_beef":7,"minecraft:observer":1,"minecraft:dark_oak_stairs":4,"minecraft:stripped_birch_log":14,"minecraft:stone_pickaxe":139,"minecraft:baked_potato":8,"minecraft:wooden_pickaxe":13,"minecraft:sugar_cane":12,"minecraft:jungle_boat":1,"minecraft:oak_leaves":6,"minecraft:sand":31,"minecraft:crafting_table":3,"minecraft:red_bed":1,"minecraft:spider_eye":1,"minecraft:white_bed":1,"minecraft:light_gray_concrete_powder":1,"minecraft:shears":5,"minecraft:sticky_piston":2,"minecraft:oak_log":2,"minecraft:flower_pot":3,"minecraft:apple":2,"minecraft:iron_pickaxe":314,"minecraft:melon_slice":22,"minecraft:stone_button":1,"minecraft:sign":4,"minecraft:stone_slab":2,"minecraft:oak_pressure_plate":2,"minecraft:spruce_sapling":9,"minecraft:lilac":2,"minecraft:stone_axe":1,"minecraft:cobblestone":172,"minecraft:porkchop":3,"minecraft:cooked_porkchop":1,"minecraft:poisonous_potato":1,"minecraft:birch_log":11,"minecraft:glass_pane":1,"minecraft:oak_boat":1,"minecraft:kelp":5,"minecraft:bone_meal":27},"minecraft:dropped":{"minecraft:iron_sword":2,"minecraft:acacia_wood":1,"minecraft:wheat_seeds":16,"minecraft:cooked_beef":2,"minecraft:baked_potato":20,"minecraft:bookshelf":4,"minecraft:cobblestone":9,"minecraft:leather":3,"minecraft:jungle_planks":5,"minecraft:flint":1,"minecraft:jungle_slab":1,"minecraft:dirt":22,"minecraft:ink_sac":1,"minecraft:dried_kelp":22,"minecraft:jungle_sapling":1,"minecraft:iron_axe":2,"minecraft:iron_pickaxe":1,"minecraft:acacia_door":1,"minecraft:gravel":4,"minecraft:kelp":55,"minecraft:sugar_cane":1,"minecraft:wheat":3,"minecraft:rotten_flesh":8,"minecraft:shears":1,"minecraft:poppy":1,"minecraft:stone":20,"minecraft:leather_leggings":1,"minecraft:stone_pickaxe":1,"minecraft:egg":3},"minecraft:killed":{"minecraft:spider":12,"minecraft:skeleton":8,"minecraft:chicken":2,"minecraft:drowned":7,"minecraft:husk":2,"minecraft:pig":1,"minecraft:zombie_villager":1,"minecraft:salmon":3,"minecraft:rabbit":1,"minecraft:creeper":3,"minecraft:squid":2,"minecraft:sheep":1,"minecraft:zombie":25,"minecraft:enderman":4,"minecraft:cow":3},"minecraft:broken":{"minecraft:iron_shovel":1,"minecraft:leather_chestplate":1,"minecraft:stone_pickaxe":1,"minecraft:iron_sword":1},"minecraft:mined":{"minecraft:mossy_cobblestone":6,"minecraft:jungle_slab":1,"minecraft:dark_oak_log":47,"minecraft:jungle_leaves":18,"minecraft:stripped_birch_log":19,"minecraft:sea_lantern":1,"minecraft:granite":1,"minecraft:acacia_log":63,"minecraft:grass_block":174,"minecraft:jungle_log":5,"minecraft:oak_pressure_plate":1,"minecraft:spruce_leaves":26,"minecraft:kelp":8,"minecraft:sandstone":2,"minecraft:chiseled_stone_bricks":18,"minecraft:redstone_ore":3,"minecraft:magma_block":3,"minecraft:spruce_sapling":3,"minecraft:carrots":9,"minecraft:iron_ore":22,"minecraft:acacia_wood":1,"minecraft:andesite":7,"minecraft:stripped_spruce_log":1,"minecraft:pumpkin":6,"minecraft:bookshelf":5,"minecraft:red_tulip":2,"minecraft:potatoes":1,"minecraft:vine":9,"minecraft:oak_stairs":1,"minecraft:packed_ice":10,"minecraft:stone":284,"minecraft:spruce_slab":13,"minecraft:acacia_leaves":21,"minecraft:glass_pane":1,"minecraft:kelp_plant":68,"minecraft:snow_block":16,"minecraft:dandelion":2,"minecraft:clay":39,"minecraft:light_gray_concrete_powder":1,"minecraft:crafting_table":1,"minecraft:torch":2,"minecraft:poppy":3,"minecraft:melon":8,"minecraft:chest":1,"minecraft:stone_slab":1,"minecraft:cobblestone":20,"minecraft:sugar_cane":12,"minecraft:wall_torch":3,"minecraft:diorite":8,"minecraft:seagrass":4,"minecraft:acacia_sapling":1,"minecraft:sign":1,"minecraft:birch_log":9,"minecraft:spruce_log":15,"minecraft:birch_leaves":218,"minecraft:grass":312,"minecraft:coal_ore":66,"minecraft:oak_log":5,"minecraft:cocoa":6,"minecraft:beetroots":14,"minecraft:gravel":23,"minecraft:sand":169,"minecraft:dirt":103,"minecraft:stone_bricks":1,"minecraft:mossy_stone_bricks":2,"minecraft:oak_leaves":137,"minecraft:fern":2}},"DataVersion":1628}