{"stats":{"minecraft:broken":{"minecraft:iron_shovel":3,"minecraft:stone_pickaxe":1,"minecraft:stone_axe":1,"minecraft:iron_sword":1,"minecraft:stone_shovel":1,"minecraft:iron_axe":8,"minecraft:iron_pickaxe":4},"minecraft:picked_up":{"minecraft:birch_door":11,"minecraft:wheat":84,"minecraft:anvil":2,"minecraft:oak_stairs":7,"minecraft:string":16,"minecraft:beetroot":54,"minecraft:gold_nugget":42,"minecraft:spruce_planks":13,"minecraft:rose_bush":17,"minecraft:wooden_shovel":1,"minecraft:iron_pickaxe":2,"minecraft:furnace":6,"minecraft:dark_oak_door":3,"minecraft:spruce_pressure_plate":2,"minecraft:stick":6,"minecraft:oak_fence":3,"minecraft:acacia_log":387,"minecraft:torch":92,"minecraft:spruce_stairs":35,"minecraft:porkchop":15,"minecraft:dried_kelp":44,"minecraft:diorite":21,"minecraft:vine":4,"minecraft:cactus":7,"minecraft:rotten_flesh":51,"minecraft:iron_block":3,"minecraft:red_tulip":2,"minecraft:bookshelf":5,"minecraft:cod":2,"minecraft:cobblestone":1093,"minecraft:birch_log":449,"minecraft:magma_block":8,"minecraft:feather":6,"minecraft:lilac":5,"minecraft:birch_slab":1,"minecraft:water_bucket":1,"minecraft:andesite":60,"minecraft:jungle_log":117,"minecraft:potato":489,"minecraft:flint":30,"minecraft:stripped_birch_log":211,"minecraft:gray_concrete":2,"minecraft:lapis_lazuli":90,"minecraft:dirt":1040,"minecraft:gray_concrete_powder":7,"minecraft:sign":4,"minecraft:bone":13,"minecraft:acacia_planks":24,"minecraft:bow":1,"minecraft:wheat_seeds":254,"minecraft:mossy_stone_bricks":2,"minecraft:oak_planks":19,"minecraft:oak_pressure_plate":5,"minecraft:poisonous_potato":5,"minecraft:jungle_planks":26,"minecraft:sand":291,"minecraft:stripped_spruce_log":3,"minecraft:ink_sac":8,"minecraft:grass_block":1,"minecraft:cyan_bed":7,"minecraft:dark_oak_log":192,"minecraft:mossy_cobblestone":6,"minecraft:stripped_acacia_log":1,"minecraft:light_gray_concrete":132,"minecraft:diamond":18,"minecraft:granite":7,"minecraft:bone_meal":2,"minecraft:white_concrete":2,"minecraft:emerald":45,"minecraft:oak_sapling":44,"minecraft:cocoa_beans":16,"minecraft:crafting_table":7,"minecraft:azure_bluet":2,"minecraft:chicken":9,"minecraft:clay_ball":103,"minecraft:leather_leggings":1,"minecraft:oak_trapdoor":14,"minecraft:red_bed":4,"minecraft:iron_axe":2,"minecraft:acacia_door":1,"minecraft:white_carpet":3,"minecraft:beef":16,"minecraft:jungle_sapling":13,"minecraft:iron_nugget":4,"minecraft:poppy":17,"minecraft:spruce_slab":344,"minecraft:chest":10,"minecraft:sugar_cane":92,"minecraft:birch_sapling":157,"minecraft:egg":78,"minecraft:dark_oak_sapling":11,"minecraft:stone":20,"minecraft:oak_door":7,"minecraft:gray_dye":3,"minecraft:carrot":450,"minecraft:redstone":398,"minecraft:prismarine_crystals":7,"minecraft:dark_oak_planks":2,"minecraft:arrow":17,"minecraft:stone_shovel":2,"minecraft:beetroot_seeds":93,"minecraft:shears":2,"minecraft:saddle":1,"minecraft:gold_ingot":4,"minecraft:mutton":18,"minecraft:white_wool":12,"minecraft:stripped_oak_log":7,"minecraft:salmon":3,"minecraft:leather":4,"minecraft:acacia_wood":5,"minecraft:filled_map":4,"minecraft:birch_planks":77,"minecraft:oak_log":35,"minecraft:gunpowder":6,"minecraft:paper":48,"minecraft:birch_pressure_plate":4,"minecraft:apple":6,"minecraft:stone_bricks":1,"minecraft:kelp":2150,"minecraft:heart_of_the_sea":1,"minecraft:iron_ingot":32,"minecraft:stone_pickaxe":3,"minecraft:iron_ore":69,"minecraft:iron_sword":2,"minecraft:acacia_sapling":113,"minecraft:book":12,"minecraft:birch_boat":1,"minecraft:pumpkin":39,"minecraft:chiseled_stone_bricks":18,"minecraft:stone_brick_slab":2,"minecraft:dandelion":2,"minecraft:gravel":185,"minecraft:spruce_sapling":48,"minecraft:white_bed":1,"minecraft:spruce_log":169,"minecraft:spider_eye":7,"minecraft:stripped_jungle_log":2,"minecraft:dried_kelp_block":1,"minecraft:white_concrete_powder":8,"minecraft:stone_axe":2,"minecraft:gray_wool":1,"minecraft:baked_potato":20,"minecraft:black_wool":7,"minecraft:melon_seeds":16,"minecraft:coal":118,"minecraft:ender_pearl":1},"minecraft:killed":{"minecraft:witch":1,"minecraft:spider":8,"minecraft:cod":1,"minecraft:skeleton":9,"minecraft:chicken":9,"minecraft:pig":7,"minecraft:zombie_villager":2,"minecraft:salmon":1,"minecraft:creeper":4,"minecraft:sheep":14,"minecraft:zombie":21,"minecraft:cow":7,"minecraft:phantom":1,"minecraft:drowned":4,"minecraft:husk":2,"minecraft:squid":3,"minecraft:enderman":2},"minecraft:used":{"minecraft:iron_shovel":977,"minecraft:spruce_slab":969,"minecraft:white_concrete_powder":1,"minecraft:chest":18,"minecraft:stone":13,"minecraft:iron_sword":328,"minecraft:mutton":18,"minecraft:jungle_planks":1,"minecraft:carrot":63,"minecraft:acacia_sapling":32,"minecraft:stripped_spruce_log":1,"minecraft:glass":5,"minecraft:birch_sapling":81,"minecraft:gray_concrete_powder":1,"minecraft:dark_oak_slab":15,"minecraft:stone_brick_stairs":13,"minecraft:bedrock":29,"minecraft:bow":12,"minecraft:oak_sapling":6,"minecraft:furnace":9,"minecraft:cooked_cod":4,"minecraft:beetroot_seeds":27,"minecraft:egg":29,"minecraft:potato":211,"minecraft:dark_oak_sapling":4,"minecraft:stripped_acacia_log":1,"minecraft:stripped_birch_log":179,"minecraft:stone_pickaxe":132,"minecraft:oak_planks":3,"minecraft:sugar_cane":11,"minecraft:sand":4,"minecraft:black_bed":2,"minecraft:acacia_door":4,"minecraft:birch_slab":1,"minecraft:cyan_bed":9,"minecraft:light_gray_concrete":4,"minecraft:sign":3,"minecraft:andesite":2,"minecraft:birch_log":175,"minecraft:bone_meal":27,"minecraft:oak_trapdoor":8,"minecraft:rose_bush":2,"minecraft:acacia_log":211,"minecraft:stone_shovel":144,"minecraft:dried_kelp":9,"minecraft:spruce_planks":12,"minecraft:wooden_shovel":37,"minecraft:dried_kelp_block":1,"minecraft:oak_door":4,"minecraft:torch":225,"minecraft:dirt":641,"minecraft:anvil":2,"minecraft:spruce_stairs":32,"minecraft:birch_door":10,"minecraft:stone_brick_slab":133,"minecraft:dark_oak_planks":12,"minecraft:bookshelf":10,"minecraft:iron_axe":2047,"minecraft:oak_stairs":1,"minecraft:jungle_log":1,"minecraft:beef":11,"minecraft:acacia_wood":5,"minecraft:acacia_planks":2,"minecraft:wheat_seeds":28,"minecraft:water_bucket":7,"minecraft:birch_planks":152,"minecraft:baked_potato":41,"minecraft:birch_boat":3,"minecraft:crafting_table":8,"minecraft:red_bed":1,"minecraft:phantom_spawn_egg":1,"minecraft:light_gray_concrete_powder":64,"minecraft:spruce_log":7,"minecraft:dark_oak_door":1,"minecraft:oak_log":6,"minecraft:apple":1,"minecraft:stripped_jungle_log":1,"minecraft:chicken":3,"minecraft:iron_pickaxe":1071,"minecraft:spruce_pressure_plate":6,"minecraft:stone_slab":10,"minecraft:spruce_sapling":38,"minecraft:stone_axe":123,"minecraft:cobblestone":236,"minecraft:porkchop":8,"minecraft:cooked_porkchop":6,"minecraft:bucket":8,"minecraft:glass_pane":37,"minecraft:stripped_oak_log":2},"minecraft:killed_by":{"minecraft:drowned":2,"minecraft:player":1,"minecraft:enderman":1},"minecraft:dropped":{"minecraft:iron_sword":1,"minecraft:oak_pressure_plate":4,"minecraft:cooked_beef":5,"minecraft:baked_potato":18,"minecraft:jungle_planks":24,"minecraft:elytra":1,"minecraft:dirt":18,"minecraft:gold_nugget":8,"minecraft:sand":73,"minecraft:white_wool":5,"minecraft:bone":5,"minecraft:stone_axe":1,"minecraft:rotten_flesh":6,"minecraft:oak_planks":1,"minecraft:carrot":64,"minecraft:leather_chestplate":1,"minecraft:leather_leggings":2,"minecraft:white_concrete_powder":1,"minecraft:firework_rocket":1,"minecraft:wheat_seeds":38,"minecraft:cobblestone":40,"minecraft:prismarine_crystals":2,"minecraft:granite":3,"minecraft:gray_wool":1,"minecraft:ink_sac":1,"minecraft:pumpkin":12,"minecraft:iron_axe":1,"minecraft:stone_brick_slab":1,"minecraft:kelp":43,"minecraft:stone_shovel":1,"minecraft:chicken":6,"minecraft:white_carpet":3,"minecraft:clay_ball":103,"minecraft:shears":1,"minecraft:filled_map":1,"minecraft:spider_eye":1},"minecraft:custom":{"minecraft:interact_with_crafting_table":94,"minecraft:leave_game":15,"minecraft:time_since_death":857910,"minecraft:sprint_one_cm":911695,"minecraft:drop":56,"minecraft:talked_to_villager":17,"minecraft:deaths":5,"minecraft:jump":7368,"minecraft:walk_on_water_one_cm":206466,"minecraft:interact_with_furnace":75,"minecraft:play_one_minute":1210596,"minecraft:sleep_in_bed":78,"minecraft:damage_dealt":13402,"minecraft:crouch_one_cm":17960,"minecraft:mob_kills":96,"minecraft:climb_one_cm":3808,"minecraft:walk_one_cm":3885626,"minecraft:sneak_time":13018,"minecraft:walk_under_water_one_cm":646228,"minecraft:boat_one_cm":1556012,"minecraft:time_since_rest":12430,"minecraft:damage_taken":3738,"minecraft:swim_one_cm":324689,"minecraft:fly_one_cm":1393781,"minecraft:open_chest":383,"minecraft:aviate_one_cm":248936,"minecraft:fall_one_cm":135266},"minecraft:mined":{"minecraft:dark_oak_planks":2,"minecraft:spruce_planks":15,"minecraft:white_bed":1,"minecraft:jungle_slab":3,"minecraft:jungle_leaves":253,"minecraft:granite":6,"minecraft:acacia_log":325,"minecraft:grass_block":485,"minecraft:jungle_log":70,"minecraft:white_concrete":1,"minecraft:oak_pressure_plate":2,"minecraft:magma_block":3,"minecraft:dark_oak_trapdoor":1,"minecraft:iron_ore":68,"minecraft:pumpkin":15,"minecraft:anvil":2,"minecraft:azure_bluet":2,"minecraft:dark_oak_stairs":4,"minecraft:oak_stairs":3,"minecraft:spruce_pressure_plate":2,"minecraft:light_gray_concrete":68,"minecraft:spruce_slab":292,"minecraft:red_bed":3,"minecraft:kelp_plant":96,"minecraft:clay":26,"minecraft:torch":26,"minecraft:poppy":8,"minecraft:chest":10,"minecraft:glass":1,"minecraft:cobblestone":81,"minecraft:cyan_bed":7,"minecraft:sugar_cane":16,"minecraft:oak_planks":32,"minecraft:wall_torch":24,"minecraft:birch_sapling":3,"minecraft:seagrass":3,"minecraft:birch_log":351,"minecraft:wheat":42,"minecraft:grass":305,"minecraft:oak_log":31,"minecraft:beetroots":27,"minecraft:sand":322,"minecraft:dirt":172,"minecraft:oak_leaves":80,"minecraft:wall_sign":2,"minecraft:diamond_ore":8,"minecraft:mossy_cobblestone":1,"minecraft:dark_oak_leaves":14,"minecraft:stripped_birch_log":207,"minecraft:dark_oak_log":97,"minecraft:sea_lantern":1,"minecraft:jungle_planks":10,"minecraft:birch_slab":1,"minecraft:spruce_leaves":74,"minecraft:kelp":13,"minecraft:sandstone":20,"minecraft:redstone_ore":43,"minecraft:oak_trapdoor":8,"minecraft:spruce_sapling":2,"minecraft:furnace":6,"minecraft:carrots":106,"minecraft:acacia_wood":4,"minecraft:andesite":27,"minecraft:stripped_spruce_log":2,"minecraft:bookshelf":2,"minecraft:potatoes":139,"minecraft:vine":36,"minecraft:stripped_jungle_log":2,"minecraft:stripped_acacia_log":2,"minecraft:stripped_oak_log":5,"minecraft:stone":760,"minecraft:birch_pressure_plate":4,"minecraft:acacia_leaves":85,"minecraft:gray_concrete":1,"minecraft:glass_pane":13,"minecraft:stone_brick_slab":1,"minecraft:dandelion":2,"minecraft:oak_fence":1,"minecraft:crafting_table":5,"minecraft:dried_kelp_block":1,"minecraft:lapis_ore":4,"minecraft:diorite":21,"minecraft:spruce_stairs":32,"minecraft:birch_planks":60,"minecraft:cactus":4,"minecraft:spruce_log":169,"minecraft:birch_leaves":498,"minecraft:grass_path":103,"minecraft:coal_ore":68,"minecraft:gravel":121,"minecraft:acacia_planks":2,"minecraft:fern":29},"minecraft:crafted":{"minecraft:light_gray_concrete_powder":64,"minecraft:oak_planks":64,"minecraft:birch_boat":2,"minecraft:birch_slab":6,"minecraft:stone":60,"minecraft:bookshelf":5,"minecraft:spruce_pressure_plate":4,"minecraft:dark_oak_door":3,"minecraft:glass":47,"minecraft:stone_brick_slab":162,"minecraft:bow":1,"minecraft:chest":8,"minecraft:birch_door":9,"minecraft:dried_kelp_block":21,"minecraft:stone_bricks":80,"minecraft:wooden_shovel":1,"minecraft:acacia_wood":3,"minecraft:cooked_porkchop":6,"minecraft:crafting_table":4,"minecraft:spruce_planks":488,"minecraft:baked_potato":36,"minecraft:birch_planks":224,"minecraft:diamond_pickaxe":1,"minecraft:book":4,"minecraft:paper":18,"minecraft:charcoal":3,"minecraft:stick":112,"minecraft:iron_ingot":78,"minecraft:iron_pickaxe":4,"minecraft:iron_block":8,"minecraft:acacia_door":3,"minecraft:gold_ingot":2,"minecraft:black_bed":2,"minecraft:light_gray_dye":8,"minecraft:cactus_green":1,"minecraft:shears":1,"minecraft:oak_door":3,"minecraft:stone_shovel":1,"minecraft:furnace":2,"minecraft:gray_dye":8,"minecraft:bone_meal":36,"minecraft:oak_trapdoor":6,"minecraft:glass_pane":64,"minecraft:spruce_stairs":12,"minecraft:white_concrete_powder":8,"minecraft:iron_axe":8,"minecraft:spruce_slab":654,"minecraft:dark_oak_planks":8,"minecraft:cooked_beef":5,"minecraft:cyan_dye":2,"minecraft:dried_kelp":182,"minecraft:cyan_bed":2,"minecraft:iron_sword":2,"minecraft:gray_concrete_powder":8,"minecraft:bucket":1,"minecraft:stone_axe":1,"minecraft:air":0,"minecraft:jungle_planks":40,"minecraft:iron_shovel":4,"minecraft:white_bed":1,"minecraft:acacia_planks":44,"minecraft:torch":224,"minecraft:firework_rocket":3}},"DataVersion":1628}